"","fc","rm","tune.args","auc.train","cbi.train","auc.diff.avg","auc.diff.sd","auc.val.avg","auc.val.sd","cbi.val.avg","cbi.val.sd","or.10p.avg","or.10p.sd","or.mtp.avg","or.mtp.sd","AICc","delta.AICc","w.AIC","ncoef"
"1","LQ",0.5,"fc.LQ_rm.0.5",0.893161851851852,0.975,0.0120900628818811,0.00682034715098274,0.889751559134712,0.0117056613038205,0.871,0.0183666364186079,0.0892242862057104,0.0399701944874919,0.00657894736842105,0.0131578947368421,3068.79838771382,350.029866894536,5.2714983285137e-77,11
