"","fc","rm","tune.args","auc.train","cbi.train","auc.diff.avg","auc.diff.sd","auc.val.avg","auc.val.sd","cbi.val.avg","cbi.val.sd","or.10p.avg","or.10p.sd","or.mtp.avg","or.mtp.sd","AICc","delta.AICc","w.AIC","ncoef"
"1","Q",1.5,"fc.Q_rm.1.5",0.785642245989305,0.934,0.0276792854269102,0.0140064936678656,0.773846446130857,0.0251236385719417,0.79375,0.0939516719737688,0.0969450400425165,0.029319448935581,0.00462962962962963,0.00925925925925926,4895.72169008143,440.167297427012,2.62228059534841e-96,6
