"","fc","rm","tune.args","auc.train","cbi.train","auc.diff.avg","auc.diff.sd","auc.val.avg","auc.val.sd","cbi.val.avg","cbi.val.sd","or.10p.avg","or.10p.sd","or.mtp.avg","or.mtp.sd","AICc","delta.AICc","w.AIC","ncoef"
"1","Q",0.5,"fc.Q_rm.0.5",0.787967379679144,0.95,0.0278713853186809,0.011438898675516,0.778245460204201,0.0255193993795715,0.8415,0.064737933238558,0.0928102149650888,0.0266017674594288,0.00581395348837209,0.0116279069767442,4903.21036863044,436.698310505149,1.48650623087555e-95,6
"2","HP",4,"fc.HP_rm.4",0.792371122994652,0.981,0.0247651607450297,0.0162775635112244,0.780223243141619,0.0214047433582911,0.8395,0.071863296148544,0.0933050195172907,0.0291424869693878,0.0104435831180017,0.0122133082794894,4658.84418808485,196.211489273836,2.33277065929147e-43,6
"3","L",0.5,"fc.L_rm.0.5",0.770795900178253,0.873,0.03066769610896,0.00223810045765152,0.754941702286508,0.0236959791220939,0.8335,0.0519133894096696,0.0928102149650888,0.0377990018671289,0.00462962962962963,0.00925925925925926,4924.71287338378,449.795357541704,2.12901627079935e-98,6
"4","QH",2.5,"fc.QH_rm.2.5",0.717997860962567,0.919,0.0400081287582185,0.0231363762458626,0.696424335241693,0.0318777521703788,0.78225,0.110427578077218,0.104243407187494,0.0558602095448534,0,0,4643.76286249575,30.6529915322717,1.43260836246243e-07,13
"5","HP",5,"fc.HP_rm.5",0.710510160427807,0.938,0.0416329247191299,0.0261072468627077,0.694947467839434,0.0359084714756273,0.675,0.231276169690409,0.0984294536991222,0.0445792109164358,0.00462962962962963,0.00925925925925926,4743.75837721791,193.894033771132,7.62650054391696e-43,8
"6","LQH",2,"fc.LQH_rm.2",0.717768092691622,0.968,0.0380805356276845,0.0281928460028795,0.698880368532596,0.0331142507152458,0.76625,0.142731391081289,0.0984294536991222,0.0445792109164358,0,0,4614.99579134756,51.0510573889478,6.39645179334932e-12,16
