"","fc","rm","tune.args","auc.train","cbi.train","auc.diff.avg","auc.diff.sd","auc.val.avg","auc.val.sd","cbi.val.avg","cbi.val.sd","or.10p.avg","or.10p.sd","or.mtp.avg","or.mtp.sd","AICc","delta.AICc","w.AIC","ncoef"
"1","HP",4,"fc.HP_rm.4",0.792371122994652,0.981,0.0247651607450297,0.0162775635112244,0.780223243141619,0.0214047433582911,0.8395,0.071863296148544,0.0933050195172907,0.0291424869693878,0.0104435831180017,0.0122133082794894,4658.84418808485,196.211489273836,2.33277065929147e-43,6
