"","W","p","variable","species"
"1",3936,0.0000000000000000973662897888038,"bio1","K.koreana"
"2",17401,0.00000000000000000000000000000000023542971924527,"bio4","K.koreana"
"3",5207.5,0.000000000190938814518816,"bio12","K.koreana"
"4",7582.5,0.00600701682729261,"bio13","K.koreana"
"5",3426,0.0000000000000000000809726527453227,"bio14","K.koreana"
"6",15489,0.0000000000000000000129212465521081,"bio15","K.koreana"
