"","W","p","variable","species"
"1",11392.5,0.00000000562967205369280,"bio1","O.koreanus"
"2",29109,0.000000000000000000000000000100717706817848,"bio4","O.koreanus"
"3",13567.5,0.000179232603209571,"bio12","O.koreanus"
"4",15312,0.0377236678550456,"bio13","O.koreanus"
"5",17105,0.716680600839178,"bio14","O.koreanus"
"6",21091,0.000560938153643879,"bio15","O.koreanus"
