"","species","method","current","MH","LGM","LIG","MIS19","mPWP"
"1","O.koreanus","overall",24.0435650767286,58.6633611836851,61.9049466564259,67.3791480412427,54.8655087253291,55.6560779594903
"2","O.koreanus","schoener",20.0431386751941,35.35131095701,47.0689532376095,31.9702842103172,32.2811484389045,22.4667280813928
"3","K.koreana","overall",95.0379789742002,26.0071481229855,621.038481108211,90.5674371983212,50.7202104249386,29.7416448359574
"4","K.koreana","schoener",47.0119492014301,56.4577421781254,86.8622476513332,77.8533284309414,54.8587724398871,85.5399050547122
