"","fc","rm","tune.args","auc.train","cbi.train","auc.diff.avg","auc.diff.sd","auc.val.avg","auc.val.sd","cbi.val.avg","cbi.val.sd","or.10p.avg","or.10p.sd","or.mtp.avg","or.mtp.sd","AICc","delta.AICc","w.AIC","ncoef"
"1","LQ",0.5,"fc.LQ_rm.0.5",0.891668518518518,0.969,0.0116335465150563,0.00671949336886822,0.890138787287292,0.0113063108891705,0.85325,0.0624786630245345,0.0818713450292398,0.0546504708338253,0.00657894736842105,0.0131578947368421,3074.18610755443,347.306658622219,3.27678825994531e-76,11
